name,category
4466.png,1
4467.png,6
4468.png,16
4469.png,15
4470.png,12
4471.png,10
4472.png,12
4473.png,10
4474.png,7
4475.png,1
4476.png,15
4477.png,14
4478.png,2
4479.png,16
4480.png,6
4481.png,3
4482.png,9
4483.png,8
4484.png,13
4485.png,7
4486.png,8
4487.png,13
4488.png,7
4489.png,3
4490.png,12
4491.png,9
4492.png,16
4493.png,6
4494.png,2
4495.png,5
4496.png,14
4497.png,15
4498.png,4
4499.png,10
4500.png,3
4501.png,11
4502.png,10
4503.png,15
4504.png,14
4505.png,4
4506.png,2
4507.png,5
4508.png,16
4509.png,2
4510.png,8
4511.png,11
4512.png,3
4513.png,3
4514.png,8
4515.png,11
4516.png,2
4517.png,16
4518.png,9
4519.png,10
4520.png,12
4521.png,8
4522.png,11
4523.png,15
4524.png,14
4525.png,1
4526.png,14
4527.png,10
4528.png,1
4529.png,16
4530.png,13
4531.png,10
4532.png,12
4533.png,7
4534.png,13
4535.png,8
4536.png,9
4537.png,10
4538.png,6
4539.png,3
4540.png,6
4541.png,16
4542.png,1
4543.png,2
4544.png,7
4545.png,2
4546.png,6
4547.png,16
4548.png,9
4549.png,3
4550.png,7
4551.png,13
4552.png,8
4553.png,10
4554.png,4
4555.png,15
4556.png,14
4557.png,6
4558.png,4
4559.png,14
4560.png,15
4561.png,10
4562.png,7
4563.png,3
4564.png,11
4565.png,8
4566.png,2
4567.png,16
4568.png,4
4569.png,15
4570.png,5
4571.png,16
4572.png,14
4573.png,5
4574.png,2
4575.png,11
4576.png,8
4577.png,3
4578.png,12
4579.png,10
4580.png,12
4581.png,13
4582.png,4
4583.png,1
4584.png,16
4585.png,1
4586.png,4
4587.png,5
4588.png,8
4589.png,10
4590.png,12
4591.png,9
4592.png,8
4593.png,13
4594.png,7
4595.png,9
4596.png,16
4597.png,6
4598.png,16
4599.png,1
4600.png,6
4601.png,10
4602.png,9
4603.png,8
4604.png,13
4605.png,7
4606.png,15
4607.png,16
4608.png,4
4609.png,1
4610.png,15
4611.png,14
4612.png,1
4613.png,4
4614.png,9
4615.png,3
4616.png,11
4617.png,13
4618.png,2
4619.png,5
4620.png,5
4621.png,15
4622.png,5
4623.png,4
4624.png,2
4625.png,11
4626.png,13
4627.png,9
4628.png,3
4629.png,1
4630.png,4
4631.png,7
4632.png,12
4633.png,10
4634.png,12
4635.png,10
4636.png,6
4637.png,4
4638.png,1
4639.png,6
4640.png,16
4641.png,9
4642.png,12
4643.png,7
4644.png,13
4645.png,8
4646.png,7
4647.png,13
4648.png,8
4649.png,9
4650.png,6
4651.png,16
4652.png,2
4653.png,1
4654.png,4
4655.png,15
4656.png,14
4657.png,11
4658.png,3
4659.png,4
4660.png,1
4661.png,5
4662.png,14
4663.png,15
4664.png,5
4665.png,2
4666.png,13
4667.png,11
4668.png,3
4669.png,9
4670.png,3
4671.png,9
4672.png,13
4673.png,11
4674.png,2
4675.png,5
4676.png,11
4677.png,13
4678.png,9
4679.png,3
4680.png,5
4681.png,2
4682.png,2
4683.png,5
4684.png,9
4685.png,3
4686.png,11
4687.png,13
4688.png,3
4689.png,11
4690.png,15
4691.png,9
4692.png,5
4693.png,1
4694.png,4
4695.png,14
4696.png,15
4697.png,4
4698.png,1
4699.png,2
4700.png,9
4701.png,8
4702.png,13
4703.png,7
4704.png,16
4705.png,6
4706.png,16
4707.png,6
4708.png,8
4709.png,13
4710.png,7
4711.png,12
4712.png,9
4713.png,10
4714.png,12
4715.png,1
4716.png,4
4717.png,6
4718.png,4
4719.png,1
4720.png,10
4721.png,12
4722.png,7
4723.png,2
4724.png,4
4725.png,5
4726.png,15
4727.png,3
4728.png,9
4729.png,13
4730.png,11
4731.png,13
4732.png,11
4733.png,3
4734.png,9
4735.png,5
4736.png,9
4737.png,2
4738.png,4
4739.png,1
4740.png,14
4741.png,15
4742.png,1
4743.png,4
4744.png,10
4745.png,14
4746.png,6
4747.png,1
4748.png,16
4749.png,7
4750.png,13
4751.png,8
4752.png,9
4753.png,10
4754.png,9
4755.png,7
4756.png,13
4757.png,8
4758.png,6
4759.png,16
4760.png,5
4761.png,4
4762.png,1
4763.png,9
4764.png,12
4765.png,10
4766.png,8
4767.png,13
4768.png,12
4769.png,10
4770.png,16
4771.png,1
4772.png,4
4773.png,2
4774.png,5
4775.png,14
4776.png,16
4777.png,12
4778.png,3
4779.png,8
4780.png,11
4781.png,8
4782.png,11
4783.png,3
4784.png,5
4785.png,15
4786.png,4
4787.png,16
4788.png,2
4789.png,15
4790.png,14
4791.png,4
4792.png,7
4793.png,10
4794.png,10
4795.png,6
4796.png,14
4797.png,15
4798.png,4
4799.png,16
4800.png,6
4801.png,2
4802.png,8
4803.png,13
4804.png,7
4805.png,3
4806.png,9
4807.png,3
4808.png,10
4809.png,9
4810.png,8
4811.png,13
4812.png,7
4813.png,2
4814.png,1
4815.png,16
4816.png,12
4817.png,16
4818.png,1
4819.png,15
4820.png,14
4821.png,12
4822.png,10
4823.png,13
4824.png,11
4825.png,8
4826.png,12
4827.png,10
4828.png,9
4829.png,1
4830.png,14
4831.png,15
4832.png,11
4833.png,8
4834.png,3
4835.png,16
4836.png,5
4837.png,2
4838.png,2
4839.png,16
4840.png,5
4841.png,3
4842.png,11
4843.png,8
4844.png,10
4845.png,2
4846.png,4
4847.png,14
4848.png,15
4849.png,4
4850.png,15
4851.png,9
4852.png,5
4853.png,11
4854.png,3
4855.png,10
4856.png,9
4857.png,12
4858.png,3
4859.png,7
4860.png,13
4861.png,8
4862.png,2
4863.png,6
4864.png,16
4865.png,6
4866.png,16
4867.png,2
4868.png,7
4869.png,13
4870.png,8
4871.png,9
4872.png,3
4873.png,7
4874.png,10
4875.png,12
4876.png,14
4877.png,15
4878.png,1
4879.png,15
4880.png,7
4881.png,12
4882.png,1
4883.png,10
4884.png,12
4885.png,1
4886.png,16
4887.png,15
4888.png,14
4889.png,10
4890.png,12
4891.png,13
4892.png,8
4893.png,11
4894.png,10
4895.png,12
4896.png,9
4897.png,1
4898.png,7
4899.png,14
4900.png,16
4901.png,6
4902.png,2
4903.png,8
4904.png,13
4905.png,7
4906.png,3
4907.png,9
4908.png,3
4909.png,10
4910.png,9
4911.png,8
4912.png,13
4913.png,7
4914.png,2
4915.png,16
4916.png,1
4917.png,6
4918.png,15
4919.png,14
4920.png,4
4921.png,7
4922.png,10
4923.png,10
4924.png,14
4925.png,15
4926.png,6
4927.png,4
4928.png,2
4929.png,14
4930.png,5
4931.png,16
4932.png,12
4933.png,3
4934.png,11
4935.png,8
4936.png,11
4937.png,8
4938.png,3
4939.png,5
4940.png,12
4941.png,16
4942.png,4
4943.png,2
4944.png,7
4945.png,12
4946.png,10
4947.png,9
4948.png,7
4949.png,1
4950.png,6
4951.png,15
4952.png,14
4953.png,1
4954.png,12
4955.png,10
4956.png,9
4957.png,15
4958.png,3
4959.png,7
4960.png,13
4961.png,8
4962.png,2
4963.png,6
4964.png,16
4965.png,6
4966.png,16
4967.png,2
4968.png,7
4969.png,13
4970.png,8
4971.png,9
4972.png,3
4973.png,10
4974.png,2
4975.png,4
4976.png,14
4977.png,15
4978.png,4
4979.png,15
4980.png,5
4981.png,14
4982.png,11
4983.png,3
4984.png,10
4985.png,4
4986.png,11
4987.png,3
4988.png,16
4989.png,5
4990.png,2
4991.png,2
4992.png,16
4993.png,5
4994.png,3
4995.png,8
4996.png,11
4997.png,10
4998.png,1
4999.png,4
5000.png,6
5001.png,4
5002.png,1
5003.png,12
5004.png,10
5005.png,7
5006.png,9
5007.png,8
5008.png,13
5009.png,7
5010.png,16
5011.png,6
5012.png,16
5013.png,6
5014.png,8
5015.png,13
5016.png,7
5017.png,12
5018.png,9
5019.png,3
5020.png,11
5021.png,15
5022.png,5
5023.png,14
5024.png,1
5025.png,4
5026.png,14
5027.png,15
5028.png,8
5029.png,1
5030.png,2
5031.png,11
5032.png,13
5033.png,9
5034.png,3
5035.png,5
5036.png,2
5037.png,2
5038.png,5
5039.png,9
5040.png,3
5041.png,11
5042.png,13
5043.png,5
5044.png,4
5045.png,1
5046.png,9
5047.png,10
5048.png,6
5049.png,8
5050.png,13
5051.png,10
5052.png,12
5053.png,1
5054.png,4
5055.png,16
5056.png,6
5057.png,16
5058.png,1
5059.png,7
5060.png,13
5061.png,8
5062.png,9
5063.png,10
5064.png,9
5065.png,7
5066.png,13
5067.png,8
5068.png,6
5069.png,16
5070.png,4
5071.png,1
5072.png,16
5073.png,15
5074.png,1
5075.png,4
5076.png,15
5077.png,14
5078.png,2
5079.png,4
5080.png,5
5081.png,15
5082.png,3
5083.png,9
5084.png,13
5085.png,11
5086.png,13
5087.png,11
5088.png,3
5089.png,9
5090.png,14
5091.png,5
5092.png,2
5093.png,9
5094.png,3
5095.png,11
5096.png,13
5097.png,2
5098.png,5
5099.png,14
5100.png,10
5101.png,5
5102.png,4
5103.png,2
5104.png,11
5105.png,13
5106.png,9
5107.png,3
5108.png,14
5109.png,15
5110.png,4
5111.png,1
5112.png,15
5113.png,10
5114.png,1
5115.png,4
5116.png,8
5117.png,13
5118.png,7
5119.png,9
5120.png,16
5121.png,6
5122.png,1
5123.png,16
5124.png,6
5125.png,10
5126.png,9
5127.png,8
5128.png,13
5129.png,7
5130.png,10
5131.png,10
5132.png,13
5133.png,16
5134.png,4
5135.png,1
5136.png,1
5137.png,4
5138.png,8
5139.png,8
5140.png,12
5141.png,10
5142.png,9
5143.png,5
5144.png,2
5145.png,13
5146.png,11
5147.png,3
5148.png,9
5149.png,3
5150.png,9
5151.png,13
5152.png,11
5153.png,2
5154.png,5
5155.png,2
5156.png,1
5157.png,4
5158.png,15
5159.png,14
5160.png,11
5161.png,3
5162.png,4
5163.png,1
5164.png,14
5165.png,5
5166.png,15
5167.png,6
5168.png,16
5169.png,9
5170.png,12
5171.png,7
5172.png,13
5173.png,8
5174.png,7
5175.png,13
5176.png,8
5177.png,9
5178.png,6
5179.png,16
5180.png,1
5181.png,4
5182.png,7
5183.png,10
5184.png,12
5185.png,10
5186.png,12
5187.png,6
5188.png,4
5189.png,1
5190.png,5
5191.png,16
5192.png,2
5193.png,11
5194.png,8
5195.png,3
5196.png,3
5197.png,11
5198.png,8
5199.png,2
5200.png,5
5201.png,16
5202.png,14
5203.png,5
5204.png,15
5205.png,4
5206.png,10
5207.png,3
5208.png,11
5209.png,10
5210.png,15
5211.png,14
5212.png,4
5213.png,2
5214.png,2
5215.png,16
5216.png,6
5217.png,3
5218.png,9
5219.png,8
5220.png,13
5221.png,7
5222.png,8
5223.png,13
5224.png,7
5225.png,3
5226.png,12
5227.png,9
5228.png,16
5229.png,6
5230.png,2
5231.png,1
5232.png,14
5233.png,15
5234.png,6
5235.png,10
5236.png,12
5237.png,10
5238.png,12
5239.png,7
5240.png,1
5241.png,10
5242.png,14
5243.png,3
5244.png,8
5245.png,11
5246.png,2
5247.png,4
5248.png,16
5249.png,10
5250.png,5
5251.png,16
5252.png,5
5253.png,14
5254.png,2
5255.png,8
5256.png,11
5257.png,3
5258.png,12
5259.png,10
5260.png,4
5261.png,6
5262.png,15
5263.png,14
5264.png,4
5265.png,14
5266.png,15
5267.png,10
5268.png,7
5269.png,7
5270.png,13
5271.png,8
5272.png,9
5273.png,10
5274.png,3
5275.png,12
5276.png,1
5277.png,16
5278.png,2
5279.png,2
5280.png,6
5281.png,16
5282.png,9
5283.png,3
5284.png,7
5285.png,13
5286.png,8
5287.png,9
5288.png,12
5289.png,10
5290.png,11
5291.png,8
5292.png,15
5293.png,14
5294.png,1
5295.png,14
5296.png,15
5297.png,16
5298.png,1
5299.png,13
5300.png,12
5301.png,10
5302.png,13
5303.png,8
5304.png,7
5305.png,8
5306.png,9
5307.png,10
5308.png,16
5309.png,1
5310.png,6
5311.png,2
5312.png,2
5313.png,16
5314.png,6
5315.png,3
5316.png,9
5317.png,13
5318.png,8
5319.png,7
5320.png,9
5321.png,10
5322.png,12
5323.png,8
5324.png,11
5325.png,1
5326.png,15
5327.png,14
5328.png,1
5329.png,16
5330.png,14
5331.png,10
5332.png,13
5333.png,10
5334.png,12
5335.png,3
5336.png,11
5337.png,8
5338.png,2
5339.png,15
5340.png,5
5341.png,16
5342.png,4
5343.png,5
5344.png,13
5345.png,16
5346.png,2
5347.png,11
5348.png,4
5349.png,12
5350.png,3
5351.png,10
5352.png,15
5353.png,14
5354.png,6
5355.png,4
5356.png,15
5357.png,15
5358.png,4
5359.png,10
5360.png,7
5361.png,2
5362.png,6
5363.png,16
5364.png,9
5365.png,3
5366.png,7
5367.png,8
5368.png,13
5369.png,7
5370.png,8
5371.png,13
5372.png,12
5373.png,9
5374.png,3
5375.png,6
5376.png,16
5377.png,2
5378.png,6
5379.png,16
5380.png,15
5381.png,1
5382.png,12
5383.png,10
5384.png,12
5385.png,10
5386.png,7
5387.png,15
5388.png,14
5389.png,1
5390.png,16
5391.png,5
5392.png,2
5393.png,8
5394.png,11
5395.png,3
5396.png,3
5397.png,8
5398.png,11
5399.png,2
5400.png,16
5401.png,5
5402.png,4
5403.png,15
5404.png,5
5405.png,15
5406.png,3
5407.png,10
5408.png,11
5409.png,10
5410.png,4
5411.png,15
5412.png,14
5413.png,2
5414.png,16
5415.png,6
5416.png,9
5417.png,12
5418.png,13
5419.png,8
5420.png,7
5421.png,13
5422.png,8
5423.png,7
5424.png,9
5425.png,16
5426.png,12
5427.png,1
5428.png,4
5429.png,7
5430.png,12
5431.png,10
5432.png,12
5433.png,12
5434.png,4
5435.png,3
5436.png,12
5437.png,5
5438.png,2
5439.png,13
5440.png,11
5441.png,9
5442.png,3
5443.png,9
5444.png,3
5445.png,13
5446.png,11
5447.png,2
5448.png,5
5449.png,2
5450.png,15
5451.png,14
5452.png,1
5453.png,4
5454.png,11
5455.png,3
5456.png,5
5457.png,15
5458.png,4
5459.png,1
5460.png,7
5461.png,8
5462.png,13
5463.png,9
5464.png,6
5465.png,16
5466.png,6
5467.png,16
5468.png,1
5469.png,10
5470.png,9
5471.png,7
5472.png,8
5473.png,13
5474.png,10
5475.png,12
5476.png,13
5477.png,4
5478.png,1
5479.png,16
5480.png,5
5481.png,1
5482.png,4
5483.png,8
5484.png,10
5485.png,6
5486.png,9
5487.png,3
5488.png,9
5489.png,11
5490.png,13
5491.png,2
5492.png,3
5493.png,14
5494.png,4
5495.png,15
5496.png,5
5497.png,2
5498.png,11
5499.png,13
5500.png,3
5501.png,9
5502.png,4
5503.png,1
5504.png,14
5505.png,10
5506.png,1
5507.png,4
5508.png,15
5509.png,14
5510.png,14
5511.png,15
5512.png,4
5513.png,1
5514.png,15
5515.png,14
5516.png,1
5517.png,4
5518.png,2
5519.png,5
5520.png,15
5521.png,4
5522.png,9
5523.png,3
5524.png,13
5525.png,11
5526.png,13
5527.png,11
5528.png,9
5529.png,3
5530.png,14
5531.png,5
5532.png,2
5533.png,4
5534.png,1
5535.png,5
5536.png,9
5537.png,6
5538.png,10
5539.png,8
5540.png,13
5541.png,15
5542.png,10
5543.png,16
5544.png,1
5545.png,4
5546.png,1
5547.png,16
5548.png,6
5549.png,13
5550.png,8
5551.png,7
5552.png,9
5553.png,10
5554.png,9
5555.png,13
5556.png,8
5557.png,7
5558.png,16
5559.png,6
5560.png,3
5561.png,11
5562.png,1
5563.png,4
5564.png,15
5565.png,5
5566.png,15
5567.png,4
5568.png,1
5569.png,14
5570.png,15
5571.png,2
5572.png,11
5573.png,13
5574.png,3
5575.png,9
5576.png,5
5577.png,2
5578.png,2
5579.png,5
5580.png,3
5581.png,9
5582.png,11
5583.png,13
5584.png,10
5585.png,12
5586.png,12
5587.png,1
5588.png,4
5589.png,4
5590.png,1
5591.png,10
5592.png,12
5593.png,7
5594.png,9
5595.png,7
5596.png,8
5597.png,13
5598.png,6
5599.png,16
5600.png,6
5601.png,16
5602.png,7
5603.png,8
5604.png,13
5605.png,12
5606.png,9
5607.png,10
5608.png,2
5609.png,14
5610.png,15
5611.png,4
5612.png,15
5613.png,5
5614.png,14
5615.png,4
5616.png,11
5617.png,10
5618.png,3
5619.png,11
5620.png,8
5621.png,3
5622.png,5
5623.png,16
5624.png,2
5625.png,2
5626.png,5
5627.png,16
5628.png,3
5629.png,11
5630.png,8
5631.png,7
5632.png,10
5633.png,12
5634.png,1
5635.png,14
5636.png,15
5637.png,1
5638.png,15
5639.png,10
5640.png,6
5641.png,10
5642.png,12
5643.png,3
5644.png,9
5645.png,12
5646.png,13
5647.png,8
5648.png,7
5649.png,2
5650.png,16
5651.png,6
5652.png,16
5653.png,6
5654.png,2
5655.png,13
5656.png,8
5657.png,7
5658.png,3
5659.png,9
5660.png,4
5661.png,15
5662.png,15
5663.png,7
5664.png,10
5665.png,10
5666.png,4
5667.png,6
5668.png,14
5669.png,15
5670.png,2
5671.png,16
5672.png,10
5673.png,5
5674.png,3
5675.png,12
5676.png,8
5677.png,11
5678.png,8
5679.png,11
5680.png,3
5681.png,4
5682.png,16
5683.png,5
5684.png,15
5685.png,2
5686.png,15
5687.png,14
5688.png,16
5689.png,12
5690.png,1
5691.png,12
5692.png,10
5693.png,13
5694.png,11
5695.png,8
5696.png,12
5697.png,10
5698.png,9
5699.png,14
5700.png,13
5701.png,1
5702.png,6
5703.png,16
5704.png,2
5705.png,7
5706.png,8
5707.png,13
5708.png,9
5709.png,3
5710.png,10
5711.png,9
5712.png,3
5713.png,7
5714.png,8
5715.png,13
5716.png,2
5717.png,6
5718.png,1
5719.png,16
5720.png,3
5721.png,9
5722.png,12
5723.png,13
5724.png,8
5725.png,7
5726.png,2
5727.png,16
5728.png,6
5729.png,16
5730.png,6
5731.png,2
5732.png,13
5733.png,8
5734.png,7
5735.png,3
5736.png,9
5737.png,7
5738.png,12
5739.png,10
5740.png,1
5741.png,14
5742.png,16
5743.png,1
5744.png,6
5745.png,15
5746.png,14
5747.png,12
5748.png,10
5749.png,8
5750.png,11
5751.png,3
5752.png,5
5753.png,16
5754.png,2
5755.png,2
5756.png,5
5757.png,16
5758.png,3
5759.png,8
5760.png,11
5761.png,10
5762.png,2
5763.png,14
5764.png,15
5765.png,4
5766.png,15
5767.png,14
5768.png,5
5769.png,4
5770.png,11
5771.png,10
5772.png,3
5773.png,12
5774.png,16
5775.png,2
5776.png,7
5777.png,8
5778.png,13
5779.png,9
5780.png,3
5781.png,10
5782.png,9
5783.png,3
5784.png,7
5785.png,8
5786.png,13
5787.png,2
5788.png,6
5789.png,16
5790.png,1
5791.png,15
5792.png,14
5793.png,1
5794.png,16
5795.png,10
5796.png,12
5797.png,13
5798.png,8
5799.png,11
5800.png,10
5801.png,12
5802.png,9
5803.png,10
5804.png,15
5805.png,1
5806.png,2
5807.png,16
5808.png,5
5809.png,14
5810.png,3
5811.png,12
5812.png,11
5813.png,8
5814.png,11
5815.png,8
5816.png,3
5817.png,16
5818.png,4
5819.png,5
5820.png,15
5821.png,2
5822.png,4
5823.png,15
5824.png,14
5825.png,7
5826.png,10
5827.png,10
5828.png,4
5829.png,15
5830.png,15
5831.png,6
5832.png,16
5833.png,1
5834.png,6
5835.png,13
5836.png,8
5837.png,7
5838.png,9
5839.png,10
5840.png,9
5841.png,13
5842.png,3
5843.png,7
5844.png,16
5845.png,6
5846.png,4
5847.png,1
5848.png,5
5849.png,9
5850.png,10
5851.png,12
5852.png,8
5853.png,13
5854.png,10
5855.png,12
5856.png,1
5857.png,4
5858.png,16
5859.png,2
5860.png,5
5861.png,13
5862.png,4
5863.png,9
5864.png,3
5865.png,13
5866.png,11
5867.png,13
5868.png,11
5869.png,9
5870.png,3
5871.png,5
5872.png,14
5873.png,2
5874.png,16
5875.png,15
5876.png,4
5877.png,1
5878.png,15
5879.png,14
5880.png,1
5881.png,4
5882.png,9
5883.png,7
5884.png,8
5885.png,13
5886.png,6
5887.png,16
5888.png,6
5889.png,16
5890.png,7
5891.png,8
5892.png,13
5893.png,12
5894.png,9
5895.png,12
5896.png,10
5897.png,6
5898.png,1
5899.png,4
5900.png,4
5901.png,1
5902.png,12
5903.png,10
5904.png,7
5905.png,11
5906.png,13
5907.png,3
5908.png,9
5909.png,5
5910.png,2
5911.png,2
5912.png,3
5913.png,3
5914.png,9
5915.png,11
5916.png,13
5917.png,3
5918.png,11
5919.png,1
5920.png,4
5921.png,15
5922.png,14
5923.png,5
5924.png,4
5925.png,1
5926.png,14
5927.png,15
5928.png,2
5929.png,2
5930.png,15
5931.png,14
5932.png,1
5933.png,4
5934.png,11
5935.png,3
5936.png,5
5937.png,14
5938.png,15
5939.png,4
5940.png,1
5941.png,5
5942.png,2
5943.png,13
5944.png,11
5945.png,9
5946.png,3
5947.png,9
5948.png,3
5949.png,13
5950.png,11
5951.png,2
5952.png,5
5953.png,1
5954.png,4
5955.png,7
5956.png,10
5957.png,12
5958.png,10
5959.png,12
5960.png,4
5961.png,1
5962.png,6
5963.png,16
5964.png,9
5965.png,12
5966.png,13
5967.png,8
5968.png,7
5969.png,13
5970.png,8
5971.png,9
5972.png,16
5973.png,6
5974.png,4
5975.png,1
5976.png,14
5977.png,15
5978.png,1
5979.png,4
5980.png,15
5981.png,10
5982.png,3
5983.png,9
5984.png,11
5985.png,13
5986.png,2
5987.png,14
5988.png,5
5989.png,4
5990.png,15
5991.png,5
5992.png,2
5993.png,11
5994.png,13
5995.png,5
5996.png,3
5997.png,9
5998.png,12
5999.png,10
6000.png,13
6001.png,16
6002.png,4
6003.png,1
6004.png,5
6005.png,1
6006.png,4
6007.png,8
6008.png,12
6009.png,10
6010.png,9
6011.png,7
6012.png,8
6013.png,13
6014.png,9
6015.png,6
6016.png,16
6017.png,6
6018.png,1
6019.png,16
6020.png,10
6021.png,9
6022.png,7
6023.png,8
6024.png,13
6025.png,10
6026.png,6
6027.png,15
6028.png,14
6029.png,4
6030.png,14
6031.png,15
6032.png,4
6033.png,10
6034.png,7
6035.png,3
6036.png,8
6037.png,11
6038.png,2
6039.png,13
6040.png,14
6041.png,4
6042.png,16
6043.png,14
6044.png,5
6045.png,16
6046.png,2
6047.png,8
6048.png,11
6049.png,12
6050.png,3
6051.png,9
6052.png,6
6053.png,10
6054.png,11
6055.png,8
6056.png,1
6057.png,15
6058.png,15
6059.png,16
6060.png,1
6061.png,14
6062.png,15
6063.png,13
6064.png,10
6065.png,10
6066.png,13
6067.png,8
6068.png,7
6069.png,3
6070.png,9
6071.png,10
6072.png,1
6073.png,16
6074.png,6
6075.png,2
6076.png,2
6077.png,16
6078.png,6
6079.png,3
6080.png,9
6081.png,13
6082.png,8
6083.png,7
6084.png,4
6085.png,5
6086.png,14
6087.png,15
6088.png,3
6089.png,10
6090.png,11
6091.png,10
6092.png,4
6093.png,15
6094.png,14
6095.png,2
6096.png,16
6097.png,5
6098.png,2
6099.png,11
6100.png,8
6101.png,3
6102.png,3
6103.png,11
6104.png,8
6105.png,2
6106.png,16
6107.png,5
6108.png,14
6109.png,15
6110.png,6
6111.png,1
6112.png,10
6113.png,12
6114.png,10
6115.png,12
6116.png,7
6117.png,14
6118.png,1
6119.png,2
6120.png,6
6121.png,16
6122.png,9
6123.png,8
6124.png,7
6125.png,8
6126.png,13
6127.png,7
6128.png,8
6129.png,13
6130.png,12
6131.png,9
6132.png,3
6133.png,6
6134.png,16
6135.png,2
6136.png,10
6137.png,12
6138.png,9
6139.png,8
6140.png,1
6141.png,4
6142.png,5
6143.png,4
6144.png,1
6145.png,16
6146.png,13
6147.png,10
6148.png,6
6149.png,8
6150.png,13
6151.png,10
6152.png,10
6153.png,9
6154.png,16
6155.png,1
6156.png,6
6157.png,16
6158.png,6
6159.png,9
6160.png,8
6161.png,13
6162.png,7
6163.png,15
6164.png,14
6165.png,1
6166.png,4
6167.png,14
6168.png,15
6169.png,4
6170.png,1
6171.png,9
6172.png,3
6173.png,11
6174.png,13
6175.png,2
6176.png,15
6177.png,5
6178.png,4
6179.png,5
6180.png,14
6181.png,2
6182.png,11
6183.png,13
6184.png,9
6185.png,1
6186.png,6
6187.png,4
6188.png,1
6189.png,12
6190.png,10
6191.png,12
6192.png,16
6193.png,7
6194.png,1
6195.png,4
6196.png,12
6197.png,16
6198.png,9
6199.png,7
6200.png,13
6201.png,8
6202.png,7
6203.png,13
6204.png,8
6205.png,9
6206.png,10
6207.png,12
6208.png,16
6209.png,4
6210.png,14
6211.png,5
6212.png,15
6213.png,3
6214.png,11
6215.png,4
6216.png,15
6217.png,14
6218.png,2
6219.png,5
6220.png,2
6221.png,13
6222.png,11
6223.png,3
6224.png,9
6225.png,3
6226.png,9
6227.png,13
6228.png,11
6229.png,2
6230.png,3
6231.png,1
6232.png,15
6233.png,14
6234.png,7
6235.png,12
6236.png,10
6237.png,12
6238.png,10
6239.png,1
6240.png,6
6241.png,14
6242.png,15
6243.png,2
6244.png,16
6245.png,6
6246.png,3
6247.png,12
6248.png,9
6249.png,8
6250.png,13
6251.png,7
6252.png,8
6253.png,13
6254.png,7
6255.png,3
6256.png,9
6257.png,16
6258.png,6
6259.png,2
6260.png,2
6261.png,15
6262.png,14
6263.png,4
6264.png,16
6265.png,11
6266.png,10
6267.png,3
6268.png,14
6269.png,5
6270.png,15
6271.png,4
6272.png,3
6273.png,16
6274.png,2
6275.png,8
6276.png,11
6277.png,3
6278.png,3
6279.png,8
6280.png,11
6281.png,2
6282.png,5
6283.png,16
6284.png,10
6285.png,12
6286.png,13
6287.png,14
6288.png,15
6289.png,1
6290.png,16
6291.png,15
6292.png,14
6293.png,1
6294.png,8
6295.png,11
6296.png,9
6297.png,10
6298.png,12
6299.png,7
6300.png,13
6301.png,8
6302.png,9
6303.png,3
6304.png,6
6305.png,16
6306.png,2
6307.png,2
6308.png,6
6309.png,16
6310.png,1
6311.png,9
6312.png,10
6313.png,3
6314.png,7
6315.png,13
6316.png,8
6317.png,7
6318.png,10
6319.png,4
6320.png,14
6321.png,15
6322.png,4
6323.png,15
6324.png,15
6325.png,12
6326.png,10
6327.png,3
6328.png,12
6329.png,11
6330.png,8
6331.png,2
6332.png,16
6333.png,5
6334.png,14
6335.png,16
6336.png,4
6337.png,15
6338.png,5
6339.png,2
6340.png,11
6341.png,8
6342.png,3
6343.png,2
6344.png,5
6345.png,15
6346.png,4
6347.png,16
6348.png,3
6349.png,8
6350.png,11
6351.png,8
6352.png,11
6353.png,12
6354.png,3
6355.png,14
6356.png,5
6357.png,16
6358.png,2
6359.png,6
6360.png,14
6361.png,15
6362.png,4
6363.png,10
6364.png,10
6365.png,7
6366.png,15
6367.png,14
6368.png,4
6369.png,1
6370.png,16
6371.png,12
6372.png,2
6373.png,8
6374.png,13
6375.png,7
6376.png,3
6377.png,10
